[
  {
    "id": 1,
    "billerName": "CONSUMER ENERGY",
    "tla": "CEMI",
    "kbLink": "https://kb.paymentus.io/display/CSR/CEMI+-+Consumers+Energy",
    "ivrNumber": "866-329-9593",
    "adLink": "https://adg-ipn1.paymentus.net/CEMI?v2=true",
    "csrNumber": "800-477-5050",
    "englishIvr": null,
    "spanishIvr": "EXT # 2"
  },
  {
    "id": 2,
    "billerName": "AUSTIN ENERGY",
    "tla": "AETX",
    "kbLink": "https://kb.paymentus.io/display/CSR/AETX+-+Austin+Energy",
    "ivrNumber": "833-375-4919",
    "adLink": "https://adg-ipn1.paymentus.net/aetx?v2=true&lang=en",
    "csrNumber": "512-494-9400",
    "englishIvr": null,
    "spanishIvr": "EXT # 2"
  },
  {
    "id": 3,
    "billerName": "BALTIMORE GAS & ELECTRIC",
    "tla": "BGE",
    "kbLink": "https://kb.paymentus.io/pages/viewpage.action?pageId=58165610",
    "ivrNumber": "1-833-254-9875",
    "adLink": "https://adg-ipn1.paymentus.net/bge?v2=true&lang=en",
    "csrNumber": "1-800-685-0123",
    "englishIvr": null,
    "spanishIvr": "EXT # 2"
  },
  {
    "id": 4,
    "billerName": "ATLANTIC CITY ELECTRIC",
    "tla": "PHI",
    "kbLink": "https://kb.paymentus.io/pages/viewpage.action?pageId=58165643",
    "ivrNumber": null,
    "adLink": null,
    "csrNumber": null,
    "englishIvr": null,
    "spanishIvr": null
  },
  {
    "id": 5,
    "billerName": "DELMARVA POWER",
    "tla": "PHI",
    "kbLink": "https://kb.paymentus.io/pages/viewpage.action?pageId=58165643",
    "ivrNumber": null,
    "adLink": null,
    "csrNumber": null,
    "englishIvr": null,
    "spanishIvr": null
  }
]